{
    "name": "Micro-RTSP", 
    "keywords": [
        "esp32", 
        "camera", 
        "esp32-cam", 
        "rtsp"
    ], 
    "description": "A small/efficient RTSP server for ESP32 and other micros", 
    "repository": {
        "type": "git", 
        "url": "https://github.com/geeksville/Micro-RTSP.git"
    }, 
    "authors": [
        {
            "email": "kevinh@geeksville.com", 
            "url": "https://github.com/geeksville", 
            "maintainer": true, 
            "name": "Kevin Hester"
        }
    ], 
    "version": "0.1.6", 
    "frameworks": [
        "arduino"
    ], 
    "platforms": [
        "atmelavr", 
        "atmelsam", 
        "espressif32", 
        "espressif8266", 
        "intel_arc32", 
        "microchippic32", 
        "nordicnrf51", 
        "nordicnrf52", 
        "ststm32", 
        "ststm8", 
        "teensy", 
        "timsp430"
    ], 
    "id": 6071
}